pythonWithThreads.py,20,1,job8,1,1
cNoThread.c,20,1,job9,1,1
pythonNoThreads.py,20,1,job10,1,1
cOpenMP.c,30,1,job11,1,1
cPThread.c,30,1,job12,1,1
pythonWithThreads.py,30,1,job13,1,1
cNoThread.c,30,1,job14,1,1
pythonNoThreads.py,30,1,job15,1,1
cOpenMP.c,40,1,job16,1,1
cPThread.c,40,1,job17,1,1
pythonWithThreads.py,40,1,job18,1,1
cNoThread.c,40,1,job19,1,1
pythonNoThreads.py,40,1,job20,1,1
cOpenMP.c,50,1,job21,1,1
cPThread.c,50,1,job22,1,1
pythonWithThreads.py,50,1,job23,1,1
cNoThread.c,50,1,job24,1,1
pythonNoThreads.py,50,1,job25,1,1
cOpenMP.c,100,1,job26,1,1
cPThread.c,100,1,job27,1,1
pythonWithThreads.py,100,1,job28,1,1
cNoThread.c,100,1,job29,1,1
pythonNoThreads.py,100,1,job30,1,1
cOpenMP.c,150,1,job31,1,1
cPThread.c,150,1,job32,1,1
pythonWithThreads.py,150,1,job33,1,1
cNoThread.c,150,1,job34,1,1
pythonNoThreads.py,150,1,job35,1,1
cOpenMP.c,10,20,job36,1,1
cPThread.c,10,20,job37,1,1
pythonWithThreads.py,10,20,job38,1,1
cOpenMP.c,20,20,job39,1,1
cPThread.c,20,20,job40,1,1
pythonWithThreads.py,20,20,job41,1,1
cOpenMP.c,40,20,job42,1,1
cPThread.c,40,20,job43,1,1
pythonWithThreads.py,40,20,job44,1,1
cOpenMP.c,50,20,job45,1,1
cPThread.c,50,20,job46,1,1
pythonWithThreads.py,50,20,job47,1,1
cOpenMP.c,100,20,job48,1,1
cPThread.c,100,20,job49,1,1
pythonWithThreads.py,100,20,job50,1,1
cOpenMP.c,150,20,job51,1,1
cPThread.c,150,20,job52,1,1
pythonWithThreads.py,150,20,job53,1,1
cOpenMP.c,10,40,job54,1,1
cPThread.c,10,40,job55,1,1
pythonWithThreads.py,10,40,job56,1,1
cOpenMP.c,20,40,job57,1,1
cPThread.c,20,40,job58,1,1
pythonWithThreads.py,20,40,job59,1,1
cOpenMP.c,40,40,job60,1,1
cPThread.c,40,40,job61,1,1
pythonWithThreads.py,40,40,job62,1,1
cOpenMP.c,50,40,job63,1,1
cPThread.c,50,40,job64,1,1
pythonWithThreads.py,50,40,job65,1,1
cOpenMP.c,100,40,job66,1,1
cPThread.c,100,40,job67,1,1
pythonWithThreads.py,100,40,job68,1,1
cOpenMP.c,150,40,job69,1,1
cPThread.c,150,40,job70,1,1
pythonWithThreads.py,150,40,job71,1,1
cOpenMP.c,10,60,job72,1,1
cPThread.c,10,60,job73,1,1
pythonWithThreads.py,10,60,job74,1,1
cOpenMP.c,20,60,job75,1,1
cPThread.c,20,60,job76,1,1
pythonWithThreads.py,20,60,job77,1,1
cOpenMP.c,40,60,job78,1,1
cPThread.c,40,60,job79,1,1
pythonWithThreads.py,40,60,job80,1,1
cOpenMP.c,50,60,job81,1,1
cPThread.c,50,60,job82,1,1
pythonWithThreads.py,50,60,job83,1,1
cOpenMP.c,100,60,job84,1,1
cPThread.c,100,60,job85,1,1
pythonWithThreads.py,100,60,job86,1,1
cOpenMP.c,150,60,job87,1,1
cPThread.c,150,60,job88,1,1
pythonWithThreads.py,150,60,job89,1,1
cOpenMP.c,10,80,job90,1,1
cPThread.c,10,80,job91,1,1
pythonWithThreads.py,10,80,job92,1,1
cOpenMP.c,20,80,job93,1,1
cPThread.c,20,80,job94,1,1
pythonWithThreads.py,20,80,job95,1,1
cOpenMP.c,40,80,job96,1,1
cPThread.c,40,80,job97,1,1
pythonWithThreads.py,40,80,job98,1,1
cOpenMP.c,50,80,job99,1,1
cPThread.c,50,80,job100,1,1
pythonWithThreads.py,50,80,job101,1,1
cOpenMP.c,100,80,job102,1,1
cPThread.c,100,80,job103,1,1
pythonWithThreads.py,100,80,job104,1,1
cOpenMP.c,150,80,job105,1,1
cPThread.c,150,80,job106,1,1
pythonWithThreads.py,150,80,job107,1,1
cOpenMP.c,10,100,job108,1,1
cPThread.c,10,100,job109,1,1
pythonWithThreads.py,10,100,job110,1,1
cOpenMP.c,20,100,job111,1,1
cPThread.c,20,100,job112,1,1
pythonWithThreads.py,20,100,job113,1,1
cOpenMP.c,40,100,job114,1,1
cPThread.c,40,100,job115,1,1
pythonWithThreads.py,40,100,job116,1,1
cOpenMP.c,50,100,job117,1,1
cPThread.c,50,100,job118,1,1
pythonWithThreads.py,50,100,job119,1,1
cOpenMP.c,100,100,job120,1,1
cPThread.c,100,100,job121,1,1
pythonWithThreads.py,100,100,job122,1,1
cOpenMP.c,150,100,job123,1,1
cPThread.c,150,100,job124,1,1
pythonWithThreads.py,150,100,job125,1,1
cOpenMP.c,10,150,job126,1,1
cPThread.c,10,150,job127,1,1
pythonWithThreads.py,10,150,job128,1,1
cOpenMP.c,20,150,job129,1,1
cPThread.c,20,150,job130,1,1
pythonWithThreads.py,20,150,job131,1,1
cOpenMP.c,40,150,job132,1,1
cPThread.c,40,150,job133,1,1
pythonWithThreads.py,40,150,job134,1,1
cOpenMP.c,50,150,job135,1,1
cPThread.c,50,150,job136,1,1
pythonWithThreads.py,50,150,job137,1,1
cOpenMP.c,100,150,job138,1,1
cPThread.c,100,150,job139,1,1
pythonWithThreads.py,100,150,job140,1,1
cOpenMP.c,150,150,job141,1,1
cPThread.c,150,150,job142,1,1
pythonWithThreads.py,150,150,job143,1,1
cOpenMP.c,10,200,job144,1,1
cPThread.c,10,200,job145,1,1
pythonWithThreads.py,10,200,job146,1,1
cOpenMP.c,20,200,job147,1,1
cPThread.c,20,200,job148,1,1
pythonWithThreads.py,20,200,job149,1,1
cOpenMP.c,40,200,job150,1,1
cPThread.c,40,200,job151,1,1
pythonWithThreads.py,40,200,job152,1,1
cOpenMP.c,50,200,job153,1,1
cPThread.c,50,200,job154,1,1
pythonWithThreads.py,50,200,job155,1,1
cOpenMP.c,100,200,job156,1,1
cPThread.c,100,200,job157,1,1
pythonWithThreads.py,100,200,job158,1,1
cOpenMP.c,150,200,job159,1,1
cPThread.c,150,200,job160,1,1
pythonWithThreads.py,150,200,job161,1,1
cOpenMP.c,5000,200,job162,1,1
cPThread.c,5000,200,job163,1,1
pythonWithThreads.py,5000,200,job164,1,1
cOpenMP.c,5000,200,job165,2,1
cPThread.c,5000,200,job166,2,1
pythonWithThreads.py,5000,200,job167,2,1
cOpenMP.c,10000,200,job168,1,1
cPThread.c,10000,200,job169,1,1
pythonWithThreads.py,10000,200,job170,1,1
cOpenMP.c,10000,200,job171,2,1
cPThread.c,10000,200,job172,2,1
pythonWithThreads.py,10000,200,job173,2,1

